﻿<?xml version="1.0" encoding="utf-8"?>
<Selection>
  <TilesList>
    <string>N29E000</string>
    <string>N29E030</string>
    <string>N29E060</string>
    <string>N29E090</string>
    <string>N29E120</string>
    <string>N29E150</string>
    <string>N29W030</string>
    <string>N29W060</string>
    <string>N29W090</string>
    <string>N29W120</string>
    <string>N29W150</string>
    <string>N29W180</string>
    <string>N59E000</string>
    <string>N59E030</string>
    <string>N59E060</string>
    <string>N59E090</string>
    <string>N59E120</string>
    <string>N59E150</string>
    <string>N59W030</string>
    <string>N59W060</string>
    <string>N59W090</string>
    <string>N59W120</string>
    <string>N59W150</string>
    <string>N59W180</string>
    <string>N89E000</string>
    <string>N89E030</string>
    <string>N89E060</string>
    <string>N89E090</string>
    <string>N89E120</string>
    <string>N89E150</string>
    <string>N89W030</string>
    <string>N89W060</string>
    <string>N89W090</string>
    <string>N89W120</string>
    <string>N89W150</string>
    <string>N89W180</string>
    <string>S01E000</string>
    <string>S01E030</string>
    <string>S01E060</string>
    <string>S01E090</string>
    <string>S01E120</string>
    <string>S01E150</string>
    <string>S01W030</string>
    <string>S01W060</string>
    <string>S01W090</string>
    <string>S01W120</string>
    <string>S01W150</string>
    <string>S01W180</string>
    <string>S31E000</string>
    <string>S31E030</string>
    <string>S31E060</string>
    <string>S31E090</string>
    <string>S31E120</string>
    <string>S31E150</string>
    <string>S31W030</string>
    <string>S31W060</string>
    <string>S31W090</string>
    <string>S31W120</string>
    <string>S31W150</string>
    <string>S31W180</string>
    <string>S61E000</string>
    <string>S61E030</string>
    <string>S61E060</string>
    <string>S61E090</string>
    <string>S61E120</string>
    <string>S61E150</string>
    <string>S61W030</string>
    <string>S61W060</string>
    <string>S61W090</string>
    <string>S61W120</string>
    <string>S61W150</string>
    <string>S61W180</string>
    <string>0x9216</string>
    <string>0x-9728</string>
    <string>10240x9216</string>
    <string>-10240x9216</string>
    <string>10240x-9728</string>
    <string>-10240x-9728</string>
    <string>1024x9216</string>
    <string>-1024x9216</string>
    <string>1024x-9728</string>
    <string>-1024x-9728</string>
    <string>10752x9216</string>
    <string>-10752x9216</string>
    <string>10752x-9728</string>
    <string>-10752x-9728</string>
    <string>11264x9216</string>
    <string>-11264x9216</string>
    <string>11264x-9728</string>
    <string>-11264x-9728</string>
    <string>11776x9216</string>
    <string>-11776x9216</string>
    <string>11776x-9728</string>
    <string>-11776x-9728</string>
    <string>12288x9216</string>
    <string>-12288x9216</string>
    <string>12288x-9728</string>
    <string>-12288x-9728</string>
    <string>12800x9216</string>
    <string>-12800x9216</string>
    <string>12800x-9728</string>
    <string>-12800x-9728</string>
    <string>13312x9216</string>
    <string>-13312x9216</string>
    <string>13312x-9728</string>
    <string>-13312x-9728</string>
    <string>13824x9216</string>
    <string>-13824x9216</string>
    <string>13824x-9728</string>
    <string>-13824x-9728</string>
    <string>14336x9216</string>
    <string>-14336x9216</string>
    <string>14336x-9728</string>
    <string>-14336x-9728</string>
    <string>14848x9216</string>
    <string>-14848x9216</string>
    <string>14848x-9728</string>
    <string>-14848x-9728</string>
    <string>15360x9216</string>
    <string>-15360x9216</string>
    <string>15360x-9728</string>
    <string>-15360x-9728</string>
    <string>1536x9216</string>
    <string>-1536x9216</string>
    <string>1536x-9728</string>
    <string>-1536x-9728</string>
    <string>15872x9216</string>
    <string>-15872x9216</string>
    <string>15872x-9728</string>
    <string>-15872x-9728</string>
    <string>16384x9216</string>
    <string>-16384x9216</string>
    <string>16384x-9728</string>
    <string>-16384x-9728</string>
    <string>16896x9216</string>
    <string>-16896x9216</string>
    <string>16896x-9728</string>
    <string>-16896x-9728</string>
    <string>17408x9216</string>
    <string>-17408x9216</string>
    <string>17408x-9728</string>
    <string>-17408x-9728</string>
    <string>17920x9216</string>
    <string>-17920x9216</string>
    <string>17920x-9728</string>
    <string>-17920x-9728</string>
    <string>18432x0</string>
    <string>18432x1024</string>
    <string>18432x-1024</string>
    <string>18432x1536</string>
    <string>18432x-1536</string>
    <string>18432x2048</string>
    <string>18432x-2048</string>
    <string>18432x2560</string>
    <string>18432x-2560</string>
    <string>18432x3072</string>
    <string>18432x-3072</string>
    <string>18432x3584</string>
    <string>18432x-3584</string>
    <string>18432x4096</string>
    <string>18432x-4096</string>
    <string>18432x4608</string>
    <string>18432x-4608</string>
    <string>18432x512</string>
    <string>18432x-512</string>
    <string>18432x5120</string>
    <string>18432x-5120</string>
    <string>18432x5632</string>
    <string>18432x-5632</string>
    <string>18432x6144</string>
    <string>18432x-6144</string>
    <string>18432x6656</string>
    <string>18432x-6656</string>
    <string>18432x7168</string>
    <string>18432x-7168</string>
    <string>18432x7680</string>
    <string>18432x-7680</string>
    <string>18432x8192</string>
    <string>18432x-8192</string>
    <string>18432x8704</string>
    <string>18432x-8704</string>
    <string>18432x9216</string>
    <string>18432x-9216</string>
    <string>-18432x9216</string>
    <string>18432x-9728</string>
    <string>-18432x-9728</string>
    <string>-18944x0</string>
    <string>-18944x1024</string>
    <string>-18944x-1024</string>
    <string>-18944x1536</string>
    <string>-18944x-1536</string>
    <string>-18944x2048</string>
    <string>-18944x-2048</string>
    <string>-18944x2560</string>
    <string>-18944x-2560</string>
    <string>-18944x3072</string>
    <string>-18944x-3072</string>
    <string>-18944x3584</string>
    <string>-18944x-3584</string>
    <string>-18944x4096</string>
    <string>-18944x-4096</string>
    <string>-18944x4608</string>
    <string>-18944x-4608</string>
    <string>-18944x512</string>
    <string>-18944x-512</string>
    <string>-18944x5120</string>
    <string>-18944x-5120</string>
    <string>-18944x5632</string>
    <string>-18944x-5632</string>
    <string>-18944x6144</string>
    <string>-18944x-6144</string>
    <string>-18944x6656</string>
    <string>-18944x-6656</string>
    <string>-18944x7168</string>
    <string>-18944x-7168</string>
    <string>-18944x7680</string>
    <string>-18944x-7680</string>
    <string>-18944x8192</string>
    <string>-18944x-8192</string>
    <string>-18944x8704</string>
    <string>-18944x-8704</string>
    <string>-18944x9216</string>
    <string>-18944x-9216</string>
    <string>-18944x-9728</string>
    <string>2048x9216</string>
    <string>-2048x9216</string>
    <string>2048x-9728</string>
    <string>-2048x-9728</string>
    <string>2560x9216</string>
    <string>-2560x9216</string>
    <string>2560x-9728</string>
    <string>-2560x-9728</string>
    <string>3072x9216</string>
    <string>-3072x9216</string>
    <string>3072x-9728</string>
    <string>-3072x-9728</string>
    <string>3584x9216</string>
    <string>-3584x9216</string>
    <string>3584x-9728</string>
    <string>-3584x-9728</string>
    <string>4096x9216</string>
    <string>-4096x9216</string>
    <string>4096x-9728</string>
    <string>-4096x-9728</string>
    <string>4608x9216</string>
    <string>-4608x9216</string>
    <string>4608x-9728</string>
    <string>-4608x-9728</string>
    <string>5120x9216</string>
    <string>-5120x9216</string>
    <string>5120x-9728</string>
    <string>-5120x-9728</string>
    <string>512x9216</string>
    <string>-512x9216</string>
    <string>512x-9728</string>
    <string>-512x-9728</string>
    <string>5632x9216</string>
    <string>-5632x9216</string>
    <string>5632x-9728</string>
    <string>-5632x-9728</string>
    <string>6144x9216</string>
    <string>-6144x9216</string>
    <string>6144x-9728</string>
    <string>-6144x-9728</string>
    <string>6656x9216</string>
    <string>-6656x9216</string>
    <string>6656x-9728</string>
    <string>-6656x-9728</string>
    <string>7168x9216</string>
    <string>-7168x9216</string>
    <string>7168x-9728</string>
    <string>-7168x-9728</string>
    <string>7680x9216</string>
    <string>-7680x9216</string>
    <string>7680x-9728</string>
    <string>-7680x-9728</string>
    <string>8192x9216</string>
    <string>-8192x9216</string>
    <string>8192x-9728</string>
    <string>-8192x-9728</string>
    <string>8704x9216</string>
    <string>-8704x9216</string>
    <string>8704x-9728</string>
    <string>-8704x-9728</string>
    <string>9216x9216</string>
    <string>-9216x9216</string>
    <string>9216x-9728</string>
    <string>-9216x-9728</string>
    <string>9728x9216</string>
    <string>-9728x9216</string>
    <string>9728x-9728</string>
    <string>-9728x-9728</string>
  </TilesList>
  <SpawnTile>N29E030</SpawnTile>
  <VoidBarrier>512</VoidBarrier>
  <VoidTiles>220</VoidTiles>
</Selection>