{"stats":{"minecraft:killed_by":{"minecraft:player":4,"zombie_extreme:runner":1,"zombie_extreme:military":1},"minecraft:killed":{"zombie_extreme:crawler":1,"zombie_extreme:infected_hazmat":1},"minecraft:mined":{"minecraft:birch_planks":4,"minecraft:birch_log":21,"minecraft:birch_leaves":1,"minecraft:grass":1,"minecraft:grass_block":1,"minecraft:oak_log":6,"minecraft:dirt":2,"minecraft:sand":2,"minecraft:kelp":1},"minecraft:dropped":{"zombie_extreme:soda_used":1,"alexsmobs:animal_dictionary":1,"minecraft:birch_sapling":1,"zombie_extreme:cloth":2,"mts:mts.handbook_plane":1,"zombie_extreme:rotten_apple":2},"minecraft:crafted":{"minecraft:oak_planks":24,"minecraft:stick":4,"minecraft:wooden_axe":1,"minecraft:birch_planks":36},"minecraft:used":{"minecraft:wooden_axe":25,"minecraft:iron_bars":1,"minecraft:birch_sapling":2,"minecraft:oak_planks":22,"minecraft:dirt":2,"minecraft:sand":2,"zombie_extreme:soda":1,"alexsmobs:animal_dictionary":2,"zombie_extreme:cat_food":1},"minecraft:custom":{"minecraft:time_since_rest":4418,"minecraft:interact_with_furnace":1,"minecraft:sprint_one_cm":154188,"minecraft:damage_taken":1577,"minecraft:walk_one_cm":85081,"minecraft:mob_kills":2,"minecraft:drop":7,"minecraft:damage_dealt":116,"minecraft:swim_one_cm":57320,"minecraft:interact_with_crafting_table":4,"minecraft:fly_one_cm":126738,"minecraft:open_barrel":4,"minecraft:open_chest":5,"minecraft:crouch_one_cm":3243,"minecraft:play_one_minute":37751,"minecraft:deaths":7,"minecraft:sneak_time":1167,"minecraft:walk_under_water_one_cm":16615,"minecraft:boat_one_cm":49807,"minecraft:jump":652,"minecraft:walk_on_water_one_cm":28434,"minecraft:time_since_death":16139,"minecraft:sleep_in_bed":1,"minecraft:climb_one_cm":102,"minecraft:fall_one_cm":12755},"minecraft:picked_up":{"minecraft:birch_log":21,"minecraft:stick":8,"tac:glock_17":1,"minecraft:birch_planks":3,"minecraft:sand":2,"minecraft:oak_log":6,"mts:mts.handbook_car":2,"minecraft:dirt":2,"alexsmobs:animal_dictionary":5,"mts:mts.handbook_plane":5,"minecraft:rotten_flesh":3,"zombie_extreme:rotten_apple":2,"zombie_extreme:cloth":1,"tac:9mm_round":132,"minecraft:birch_sapling":3,"minecraft:oak_planks":24,"minecraft:iron_bars":2}},"DataVersion":2586}