{"stats":{"minecraft:custom":{"minecraft:jump":20,"minecraft:time_since_rest":1751,"minecraft:crouch_one_cm":126,"minecraft:damage_dealt":0,"minecraft:play_one_minute":1751,"minecraft:walk_on_water_one_cm":125,"minecraft:sprint_one_cm":4506,"minecraft:damage_taken":26,"minecraft:time_since_death":1751,"minecraft:walk_one_cm":2135,"minecraft:sneak_time":56,"minecraft:walk_under_water_one_cm":209,"minecraft:swim_one_cm":390,"minecraft:fall_one_cm":267,"minecraft:fly_one_cm":4310}},"DataVersion":2586}