{"stats":{"minecraft:killed_by":{"minecraft:player":4,"zombie_extreme:military":1},"minecraft:killed":{"zombie_extreme:crawler":1},"minecraft:mined":{"minecraft:grass":1,"minecraft:oak_log":4,"minecraft:sand":2,"minecraft:kelp":1},"minecraft:dropped":{"mts:mts.handbook_plane":1,"alexsmobs:animal_dictionary":1,"zombie_extreme:rotten_apple":2},"minecraft:used":{"minecraft:sand":2,"alexsmobs:animal_dictionary":2},"minecraft:crafted":{"minecraft:oak_planks":16},"minecraft:custom":{"minecraft:time_since_rest":7270,"minecraft:play_one_minute":13751,"minecraft:crouch_one_cm":408,"minecraft:sprint_one_cm":54171,"minecraft:walk_one_cm":27087,"minecraft:damage_taken":1173,"minecraft:deaths":5,"minecraft:sneak_time":204,"minecraft:walk_under_water_one_cm":5643,"minecraft:mob_kills":1,"minecraft:drop":3,"minecraft:jump":256,"minecraft:damage_dealt":14,"minecraft:time_since_death":7239,"minecraft:walk_on_water_one_cm":13163,"minecraft:swim_one_cm":15148,"minecraft:fall_one_cm":4238,"minecraft:fly_one_cm":54747},"minecraft:picked_up":{"mts:mts.handbook_plane":4,"minecraft:rotten_flesh":3,"zombie_extreme:rotten_apple":2,"minecraft:sand":2,"minecraft:oak_log":4,"mts:mts.handbook_car":2,"alexsmobs:animal_dictionary":4}},"DataVersion":2586}