{"stats":{"minecraft:killed_by":{"minecraft:player":4,"zombie_extreme:runner":1,"zombie_extreme:military":1},"minecraft:killed":{"zombie_extreme:crawler":1,"zombie_extreme:infected_hazmat":1,"minecraft:chicken":1,"zombie_extreme:runner":1,"minecraft:cow":1},"minecraft:mined":{"minecraft:white_bed":2,"minecraft:grass_block":1,"minecraft:glass":1,"minecraft:tall_grass":2,"minecraft:kelp":1,"minecraft:birch_planks":4,"minecraft:birch_log":21,"minecraft:birch_leaves":1,"minecraft:grass":5,"minecraft:oak_log":6,"minecraft:dirt":2,"minecraft:sand":2,"minecraft:cobweb":42},"minecraft:broken":{"minecraft:wooden_sword":1},"minecraft:dropped":{"alexsmobs:animal_dictionary":1,"minecraft:birch_sapling":1,"minecraft:book":1,"mts:mts.handbook_plane":1,"zombie_extreme:cloth":2,"zombie_extreme:rotten_apple":4,"zombie_extreme:soda_used":1,"firstaid:plaster":2,"minecraft:string":12,"minecraft:lily_pad":7},"minecraft:used":{"minecraft:iron_bars":1,"minecraft:oak_planks":22,"minecraft:birch_boat":3,"zombie_extreme:vodka":2,"zombie_extreme:chips":2,"minecraft:sand":2,"minecraft:dirt":2,"minecraft:white_bed":2,"minecraft:wooden_axe":25,"minecraft:apple":2,"zombie_extreme:dog_food":1,"minecraft:chicken":1,"minecraft:birch_sapling":2,"minecraft:wooden_sword":52,"zombie_extreme:soda":1,"alexsmobs:animal_dictionary":2,"zombie_extreme:cat_food":1,"minecraft:cobweb":16},"minecraft:crafted":{"minecraft:wooden_sword":2,"minecraft:oak_planks":24,"minecraft:birch_planks":36,"firstaid:plaster":3,"minecraft:white_wool":6,"minecraft:stick":4,"minecraft:wooden_axe":1},"minecraft:custom":{"minecraft:interact_with_furnace":1,"minecraft:mob_kills":4,"minecraft:interact_with_crafting_table":8,"minecraft:open_barrel":9,"minecraft:play_one_minute":59728,"minecraft:leave_game":1,"minecraft:time_since_death":38116,"minecraft:sleep_in_bed":3,"minecraft:climb_one_cm":102,"minecraft:time_since_rest":13392,"minecraft:sprint_one_cm":206282,"minecraft:damage_taken":1643,"minecraft:walk_one_cm":157587,"minecraft:drop":31,"minecraft:damage_dealt":268,"minecraft:swim_one_cm":64231,"minecraft:fly_one_cm":188902,"minecraft:open_chest":13,"minecraft:crouch_one_cm":4433,"minecraft:deaths":7,"minecraft:sneak_time":1509,"minecraft:walk_under_water_one_cm":19602,"minecraft:boat_one_cm":120114,"minecraft:jump":1065,"minecraft:walk_on_water_one_cm":34641,"minecraft:fall_one_cm":20560},"minecraft:picked_up":{"minecraft:birch_log":21,"minecraft:feather":2,"tac:glock_17":1,"minecraft:chicken":2,"minecraft:birch_planks":3,"minecraft:oak_log":6,"minecraft:lily_pad":7,"minecraft:dirt":2,"minecraft:string":48,"mts:mts.handbook_plane":5,"minecraft:wheat_seeds":1,"minecraft:beef":1,"zombie_extreme:cloth":1,"tac:9mm_round":159,"minecraft:birch_sapling":3,"minecraft:oak_planks":24,"minecraft:egg":2,"minecraft:stick":12,"minecraft:birch_boat":3,"minecraft:sand":2,"minecraft:white_bed":2,"mts:mts.handbook_car":2,"alexsmobs:animal_dictionary":5,"minecraft:rotten_flesh":3,"zombie_extreme:rotten_apple":4,"minecraft:iron_bars":3}},"DataVersion":2586}