{"stats":{"minecraft:killed_by":{"minecraft:player":4,"zombie_extreme:runner":1,"zombie_extreme:military":1},"minecraft:killed":{"zombie_extreme:crawler":1,"zombie_extreme:infected_hazmat":1},"minecraft:mined":{"minecraft:white_bed":2,"minecraft:grass_block":1,"minecraft:glass":1,"minecraft:tall_grass":1,"minecraft:kelp":1,"minecraft:birch_planks":4,"minecraft:birch_log":21,"minecraft:birch_leaves":1,"minecraft:grass":2,"minecraft:oak_log":6,"minecraft:sand":2,"minecraft:dirt":2,"minecraft:cobweb":38},"minecraft:broken":{"minecraft:wooden_sword":1},"minecraft:dropped":{"alexsmobs:animal_dictionary":1,"minecraft:birch_sapling":1,"minecraft:book":1,"mts:mts.handbook_plane":1,"zombie_extreme:cloth":2,"zombie_extreme:rotten_apple":2,"zombie_extreme:soda_used":1,"firstaid:plaster":2,"minecraft:string":12,"minecraft:lily_pad":1},"minecraft:used":{"minecraft:iron_bars":1,"minecraft:oak_planks":22,"minecraft:birch_boat":1,"zombie_extreme:vodka":1,"minecraft:sand":2,"minecraft:dirt":2,"minecraft:white_bed":2,"minecraft:wooden_axe":25,"minecraft:apple":1,"minecraft:birch_sapling":2,"minecraft:wooden_sword":40,"zombie_extreme:soda":1,"alexsmobs:animal_dictionary":2,"zombie_extreme:cat_food":1,"minecraft:cobweb":16},"minecraft:crafted":{"minecraft:wooden_sword":2,"minecraft:oak_planks":24,"minecraft:birch_planks":36,"firstaid:plaster":3,"minecraft:white_wool":6,"minecraft:stick":4,"minecraft:wooden_axe":1},"minecraft:custom":{"minecraft:interact_with_furnace":1,"minecraft:mob_kills":2,"minecraft:interact_with_crafting_table":8,"minecraft:open_barrel":7,"minecraft:play_one_minute":49751,"minecraft:time_since_death":28139,"minecraft:sleep_in_bed":3,"minecraft:climb_one_cm":102,"minecraft:time_since_rest":3415,"minecraft:sprint_one_cm":181446,"minecraft:damage_taken":1597,"minecraft:walk_one_cm":122244,"minecraft:drop":23,"minecraft:damage_dealt":116,"minecraft:swim_one_cm":57423,"minecraft:fly_one_cm":154793,"minecraft:open_chest":10,"minecraft:crouch_one_cm":4432,"minecraft:deaths":7,"minecraft:sneak_time":1498,"minecraft:walk_under_water_one_cm":19227,"minecraft:boat_one_cm":83334,"minecraft:jump":863,"minecraft:walk_on_water_one_cm":33037,"minecraft:fall_one_cm":17274},"minecraft:picked_up":{"minecraft:birch_log":21,"tac:glock_17":1,"minecraft:birch_planks":3,"minecraft:oak_log":6,"minecraft:lily_pad":1,"minecraft:dirt":2,"minecraft:string":43,"mts:mts.handbook_plane":5,"minecraft:wheat_seeds":1,"zombie_extreme:cloth":1,"tac:9mm_round":159,"minecraft:birch_sapling":3,"minecraft:oak_planks":24,"minecraft:egg":2,"minecraft:stick":12,"minecraft:birch_boat":2,"minecraft:sand":2,"minecraft:white_bed":2,"mts:mts.handbook_car":2,"alexsmobs:animal_dictionary":5,"minecraft:rotten_flesh":3,"zombie_extreme:rotten_apple":2,"minecraft:iron_bars":3}},"DataVersion":2586}