{"stats":{"minecraft:killed_by":{"minecraft:player":4,"zombie_extreme:runner":1,"zombie_extreme:military":1},"minecraft:killed":{"zombie_extreme:crawler":1},"minecraft:mined":{"minecraft:grass":1,"minecraft:oak_log":6,"minecraft:sand":2,"minecraft:kelp":1},"minecraft:dropped":{"mts:mts.handbook_plane":1,"alexsmobs:animal_dictionary":1,"zombie_extreme:rotten_apple":2,"zombie_extreme:cloth":1},"minecraft:used":{"minecraft:sand":2,"alexsmobs:animal_dictionary":2},"minecraft:crafted":{"minecraft:oak_planks":24},"minecraft:custom":{"minecraft:open_barrel":4,"minecraft:open_chest":3,"minecraft:time_since_rest":4258,"minecraft:play_one_minute":25751,"minecraft:crouch_one_cm":801,"minecraft:sprint_one_cm":100216,"minecraft:walk_one_cm":42463,"minecraft:damage_taken":1538,"minecraft:deaths":7,"minecraft:sneak_time":497,"minecraft:walk_under_water_one_cm":16374,"minecraft:mob_kills":1,"minecraft:boat_one_cm":49807,"minecraft:drop":4,"minecraft:jump":432,"minecraft:damage_dealt":116,"minecraft:time_since_death":4139,"minecraft:walk_on_water_one_cm":26383,"minecraft:swim_one_cm":54171,"minecraft:fall_one_cm":6386,"minecraft:fly_one_cm":92205},"minecraft:picked_up":{"tac:glock_17":1,"mts:mts.handbook_plane":5,"minecraft:rotten_flesh":3,"zombie_extreme:rotten_apple":2,"minecraft:sand":2,"minecraft:oak_log":6,"tac:9mm_round":132,"mts:mts.handbook_car":2,"minecraft:oak_planks":24,"alexsmobs:animal_dictionary":5}},"DataVersion":2586}