{"stat.pickup.hbm.launch_pad":1,"stat.walkOneCm":5477,"stat.pickup.hbm.fluid_barrel_full":128,"stat.leaveGame":11,"stat.pickup.hbm.sat_interface":1,"stat.pickup.hbm.sat_coord":1,"stat.pickup.hbm.machine_satlinker":1,"stat.pickup.hbm.designator_manual":1,"stat.pickup.gravestone.death_info":1,"stat.jump":61,"stat.fallOneCm":566,"stat.drop.minecraft.stone":1,"stat.pickup.minecraft.stone":1,"stat.crouchOneCm":176,"stat.pickup.hbm.missile_carrier":1,"stat.sprintOneCm":4987,"stat.pickup.hbm.soyuz_launcher":1,"stat.drop.minecraft.lever":1,"stat.damageTaken":11030,"stat.pickup.hbm.fluid_tank_full":256,"stat.drop.hbm.launch_pad":1,"stat.useItem.customnpcs.npcwand":1,"stat.flyOneCm":1516857,"stat.pickup.minecraft.lever":1,"stat.deaths":3,"stat.drop":3,"stat.playOneMinute":53819,"stat.sneakTime":824,"stat.damageDealt":78,"stat.timeSinceDeath":4730,"stat.diveOneCm":2892}