{"stat.pickup.hbm.silo_hatch":2,"stat.pickup.minecraft.wooden_slab":1,"stat.drop.hbm.cmb_brick_reinforced":1,"stat.leaveGame":32,"stat.pickup.casinocraft.arcade_base_black":1,"stat.killEntity.Parrot":7,"stat.killEntity.Ozelot":9,"stat.useItem.minecraft.diamond_sword":3,"stat.pickup.gravestone.death_info":1,"stat.swimOneCm":76138,"stat.climbOneCm":25642,"stat.drop.casinocraft.arcade_slot_red":1,"stat.pickup.casinocraft.arcade_base_lightblue":1,"stat.drop.minecraft.brown_mushroom":2,"stat.useItem.minecraft.stone_slab2":5640,"stat.useItem.minecraft.water_bucket":88,"stat.pickup.minecraft.rotten_flesh":5,"stat.useItem.minecraft.golden_sword":1,"stat.craftItem.modcurrency.coin":14,"stat.pickup.camera.image":9,"stat.killEntity.Enderman":1,"stat.pickup.minecraft.cobblestone":5,"stat.pickup.casinocraft.arcade_slot_black":1,"stat.flyOneCm":6235390,"stat.pickup.minecraft.brown_mushroom":2,"stat.craftItem.modcurrency.banknote":20,"stat.timeSinceDeath":184217,"stat.hopperInspected":3,"stat.mineBlock.hbm.reinforced_glass":1,"stat.drop.minecraft.log":1,"stat.useItem.minecraft.spawn_egg":162,"stat.pickup.hbm.steel_wall":2,"stat.pickup.hbm.launch_pad":1,"stat.pickup.cfm.shower_head_off":1,"stat.pickup.hbm.ducrete_reinforced":1,"stat.drop.gravestone.death_info":1,"stat.pickup.hbm.fluid_barrel_full":128,"stat.killEntity.entity_fucc_a_ducc":18,"stat.pickup.minecraft.light_weighted_pressure_plate":1,"stat.pickup.minecraft.stonebrick":5,"stat.furnaceInteraction":1,"stat.pickup.hbm.ladder_red":1,"stat.pickup.hbm.ore_oil":1,"stat.killEntity.Creeper":4,"stat.pickup.minecraft.string":2,"stat.pickup.casinocraft.arcade_slot_white":1,"stat.pickup.hbm.hf_sword":1,"stat.pickup.minecraft.beef":33,"stat.drop.minecraft.light_weighted_pressure_plate":1,"stat.pickup.hbm.missile_carrier":1,"stat.pickup.minecraft.nether_star":63,"stat.sprintOneCm":244889,"stat.pickup.hbm.cmb_brick_reinforced":1,"stat.pickup.minecraft.potion":1,"stat.useItem.minecraft.flint_and_steel":2,"stat.drop.cfm.bar_stool":1,"stat.drop.minecraft.leaves":1,"stat.useItem.minecraft.diamond_pickaxe":1,"stat.pickup.casinocraft.module_card_lime":1,"stat.useItem.minecraft.dye":14,"stat.pickup.modcurrency.coin":1,"stat.pickup.minecraft.lever":1,"stat.deaths":4,"stat.drop":24,"stat.playOneMinute":588838,"stat.killEntity.Sheep":2,"stat.pickup.cfm.bedside_cabinet_spruce":1,"stat.killEntity.Zombie":5,"stat.pickup.vehicle.workstation":1,"stat.diveOneCm":58056,"stat.chestOpened":9,"stat.useItem.minecraft.splash_potion":1,"stat.pickup.casinocraft.arcade_base_red":1,"stat.pickup.hbm.machine_satlinker":1,"stat.pickup.casinocraft.arcade_base_purple":4,"stat.pickup.hbm.designator_manual":1,"stat.useItem.minecraft.potion":7,"stat.jump":666,"stat.fallOneCm":1308,"stat.pickup.minecraft.iron_ingot":5,"stat.drop.minecraft.stone":1,"stat.pickup.casinocraft.cardtable_wide_lime":1,"stat.pickup.minecraft.gunpowder":8,"stat.crouchOneCm":65297,"stat.pickup.cgm.chain_gun":2,"stat.pickup.casinocraft.module_card_magenta":1,"stat.pickup.minecraft.painting":1,"stat.pickup.minecraft.dirt":9,"stat.drop.minecraft.melon_block":1,"stat.pickup.casinocraft.arcade_slot_brown":1,"stat.craftingTableInteraction":1,"stat.pickup.hbm.soyuz_launcher":1,"stat.brewingstandInteraction":4,"stat.damageTaken":11080,"stat.pickup.minecraft.feather":18,"stat.pickup.minecraft.leather":9,"stat.pickup.hbm.fluid_tank_full":256,"stat.drop.hbm.launch_pad":1,"stat.useItem.customnpcs.npcwand":8,"stat.pickup.minecraft.wheat_seeds":11,"stat.damageDealt":897,"stat.killEntity.Cow":18,"stat.useItem.customnpcs.npcmobcloner":11,"stat.flowerPotted":2,"stat.walkOneCm":481082,"stat.useItem.minecraft.torch":2,"stat.pickup.hbm.sat_interface":1,"stat.useItem.camera.image_frame":2,"stat.pickup.hbm.sat_coord":1,"stat.pickup.hbm.reinforced_glass":1,"stat.drop.minecraft.vine":1,"stat.useItem.minecraft.cobblestone":32,"stat.pickup.cgm.handgun":1,"stat.pickup.casinocraft.module_card_orange":1,"stat.pickup.casinocraft.arcade_base_orange":1,"stat.drop.cfm.bedside_cabinet_spruce":1,"stat.useItem.minecraft.yellow_flower":2,"stat.pickup.minecraft.stone":2,"stat.drop.minecraft.sapling":15,"stat.pickup.minecraft.hopper":1,"stat.pickup.minecraft.chicken":9,"stat.pickup.minecraft.sapling":15,"stat.pickup.minecraft.ender_pearl":1,"stat.pickup.minecraft.apple":1,"stat.drop.minecraft.lever":1,"stat.pickup.camera.image_frame":3,"stat.killEntity.Chicken":19,"stat.itemEnchanted":1,"stat.killEntity.Spider":2,"stat.drop.cgm.handgun":1,"stat.pickup.hbm.coin_siege":62,"stat.pickup.hbm.nuke_boy":1,"stat.mobKills":86,"stat.useItem.carryon.entity_item":9,"stat.pickup.cfm.bar_stool":1,"stat.pickup.minecraft.torch":5,"stat.pickup.minecraft.red_flower":2,"stat.sneakTime":26808,"stat.pickup.casinocraft.arcade_slot_red":1,"stat.useItem.minecraft.wooden_axe":2,"stat.pickup.minecraft.yellow_flower":3,"stat.pickup.hbm.battery_creative":1,"stat.pickup.minecraft.chest":1}