{"stat.pickup.hbm.launch_pad":1,"stat.pickup.hbm.soyuz_launcher":1,"stat.walkOneCm":4971,"stat.drop.minecraft.lever":1,"stat.pickup.hbm.fluid_barrel_full":128,"stat.leaveGame":6,"stat.pickup.hbm.sat_interface":1,"stat.damageTaken":30,"stat.pickup.hbm.sat_coord":1,"stat.pickup.hbm.machine_satlinker":1,"stat.pickup.hbm.fluid_tank_full":256,"stat.pickup.hbm.designator_manual":1,"stat.drop.hbm.launch_pad":1,"stat.pickup.gravestone.death_info":1,"stat.flyOneCm":1464334,"stat.pickup.minecraft.lever":1,"stat.drop":3,"stat.jump":55,"stat.playOneMinute":47593,"stat.fallOneCm":566,"stat.drop.minecraft.stone":1,"stat.sneakTime":717,"stat.damageDealt":78,"stat.pickup.minecraft.stone":1,"stat.crouchOneCm":130,"stat.pickup.hbm.missile_carrier":1,"stat.timeSinceDeath":47593,"stat.sprintOneCm":4476,"stat.diveOneCm":2892}