{"stat.walkOneCm":71760,"stat.pickup.minecraft.sign":1,"stat.leaveGame":2,"stat.pickup.hbm.coin_siege":3,"stat.flyOneCm":175528,"stat.drop":1,"stat.pickup.minecraft.wheat_seeds":1,"stat.jump":228,"stat.swimOneCm":787,"stat.drop.minecraft.dark_oak_stairs":1,"stat.playOneMinute":24763,"stat.fallOneCm":836,"stat.climbOneCm":4608,"stat.useItem.minecraft.redstone":27,"stat.sneakTime":391,"stat.pickup.minecraft.redstone":2,"stat.crouchOneCm":100,"stat.timeSinceDeath":24763,"stat.pickup.minecraft.sapling":4,"stat.sprintOneCm":13373,"stat.useItem.minecraft.stone_slab2":273,"stat.mineBlock.minecraft.tallgrass":3,"stat.pickup.minecraft.apple":1,"stat.diveOneCm":493}