{"stat.pickup.hbm.missile_generic":1,"stat.pickup.hbm.bomb_caller":1,"stat.leaveGame":20,"stat.pickup.casinocraft.arcade_base_black":1,"stat.pickup.hbm.battery_advanced":1,"stat.useItem.casinocraft.arcade_slot_red":1,"stat.pickup.hbm.circuit_targeting_tier1":1,"stat.pickup.gravestone.death_info":1,"stat.pickup.hbm.dust":7,"stat.swimOneCm":4795,"stat.climbOneCm":5620,"stat.drop.minecraft.feather":2,"stat.pickup.minecraft.glowstone_dust":5,"stat.useItem.minecraft.dirt":218,"stat.useItem.minecraft.stone_slab2":484,"stat.pickup.customnpcs.npcwand":1,"stat.pickup.minecraft.rotten_flesh":1,"stat.pickup.minecraft.sand":2,"stat.pickup.minecraft.cobblestone":13,"stat.pickup.casinocraft.arcade_base_magenta":1,"stat.flyOneCm":3449420,"stat.pickup.casinocraft.arcade_base_silver":1,"stat.killEntity.Witch":1,"stat.pickup.casinocraft.cardtable_wide_green":5,"stat.timeSinceDeath":2482,"stat.pickup.modcurrency.banknote":2,"stat.pickup.hbm.launch_pad":2,"stat.pickup.hbm.bottle_opener":1,"stat.drop.gravestone.death_info":3,"stat.pickup.hbm.fluid_barrel_full":128,"stat.pickup.minecraft.light_weighted_pressure_plate":1,"stat.pickup.minecraft.stonebrick":1,"stat.talkedToVillager":1,"stat.pickup.hbm.missile_cluster":1,"stat.pickup.hbm.hf_sword":3,"stat.pickup.casinocraft.arcade_slot_green":1,"stat.pickup.minecraft.nether_star":118,"stat.pickup.casinocraft.arcade_base_pink":1,"stat.sprintOneCm":152339,"stat.useItem.casinocraft.cardtable_wide_green":15,"stat.useItem.minecraft.flint_and_steel":1,"stat.pickup.hbm.cordite":6,"stat.deaths":7,"stat.drop":9,"stat.playOneMinute":356746,"stat.pickup.minecraft.iron_bars":4,"stat.diveOneCm":18124,"stat.chestOpened":6,"stat.pickup.casinocraft.arcade_base_white":1,"stat.pickup.casinocraft.arcade_base_red":1,"stat.useItem.minecraft.diamond_axe":21,"stat.pickup.hbm.machine_satlinker":1,"stat.pickup.hbm.designator_manual":1,"stat.jump":1176,"stat.fallOneCm":4733,"stat.crouchOneCm":252,"stat.pickup.minecraft.spider_eye":1,"stat.pickup.minecraft.dirt":38,"stat.useItem.casinocraft.arcade_slot_blue":1,"stat.pickup.casinocraft.arcade_slot_blue":3,"stat.pickup.casinocraft.cardtable_wide_black":1,"stat.pickup.hbm.soyuz_launcher":1,"stat.damageTaken":10649,"stat.pickup.minecraft.feather":2,"stat.pickup.casinocraft.arcade_base_blue":1,"stat.pickup.hbm.fluid_tank_full":256,"stat.pickup.casinocraft.arcade_base_green":1,"stat.drop.minecraft.nether_star":1,"stat.useItem.customnpcs.npcwand":7,"stat.pickup.minecraft.bed":2,"stat.pickup.minecraft.wheat_seeds":1,"stat.entityKilledBy.Zombie":1,"stat.damageDealt":100,"stat.pickup.casinocraft.module_chip_blue":1,"stat.useItem.customnpcs.npcmobcloner":3,"stat.useItem.minecraft.iron_bars":25,"stat.pickup.hbm.lamp_demon":2,"stat.walkOneCm":186735,"stat.useItem.minecraft.torch":36,"stat.pickup.hbm.sat_interface":1,"stat.drop.minecraft.rotten_flesh":1,"stat.pickup.hbm.sat_coord":1,"stat.pickup.casinocraft.cardtable_wide_pink":1,"stat.pickup.cfm.crate_spruce":1,"stat.pickup.hbm.thruster_small":1,"stat.pickup.casinocraft.arcade_base_orange":1,"stat.pickup.minecraft.log":17,"stat.drop.minecraft.chicken":1,"stat.pickup.minecraft.stone":1,"stat.drop.minecraft.sapling":1,"stat.pickup.minecraft.chicken":1,"stat.pickup.minecraft.sapling":16,"stat.pickup.hbm.v1":1,"stat.useItem.hbm.designator":2,"stat.pickup.minecraft.barrier":1,"stat.pickup.hbm.bottle_nuka":3,"stat.pickup.minecraft.bread":5,"stat.pickup.hbm.coin_siege":187,"stat.mobKills":1,"stat.mineBlock.minecraft.log":62,"stat.mineBlock.minecraft.leaves":9,"stat.pickup.minecraft.torch":3,"stat.sneakTime":1891,"stat.pickup.hbm.twinkie":2,"stat.pickup.casinocraft.arcade_slot_red":1,"stat.pickup.casinocraft.cardtable_base_silver":65}