{"stat.chestOpened":1,"stat.pickup.hbm.lamp_demon":2,"stat.walkOneCm":9752,"stat.drop.gravestone.death_info":3,"stat.pickup.hbm.fluid_barrel_full":128,"stat.pickup.hbm.sat_interface":1,"stat.leaveGame":3,"stat.drop.minecraft.rotten_flesh":1,"stat.pickup.hbm.sat_coord":1,"stat.pickup.hbm.machine_satlinker":1,"stat.pickup.hbm.designator_manual":1,"stat.talkedToVillager":1,"stat.pickup.gravestone.death_info":1,"stat.jump":52,"stat.swimOneCm":969,"stat.drop.minecraft.chicken":1,"stat.pickup.hbm.hf_sword":3,"stat.fallOneCm":3983,"stat.drop.minecraft.feather":2,"stat.crouchOneCm":68,"stat.pickup.minecraft.chicken":1,"stat.sprintOneCm":5739,"stat.useItem.minecraft.stone_slab2":60,"stat.useItem.hbm.designator":1,"stat.pickup.minecraft.rotten_flesh":1,"stat.pickup.hbm.soyuz_launcher":1,"stat.damageTaken":10380,"stat.pickup.minecraft.feather":2,"stat.pickup.hbm.fluid_tank_full":256,"stat.flyOneCm":860846,"stat.pickup.minecraft.bed":2,"stat.deaths":6,"stat.drop":7,"stat.playOneMinute":40884,"stat.sneakTime":466,"stat.timeSinceDeath":9601,"stat.diveOneCm":556}