{"stat.chestOpened":1,"stat.useItem.hbm.designator":1,"stat.pickup.hbm.soyuz_launcher":1,"stat.walkOneCm":4989,"stat.drop.gravestone.death_info":2,"stat.pickup.hbm.fluid_barrel_full":128,"stat.pickup.hbm.sat_interface":1,"stat.damageTaken":380,"stat.pickup.hbm.sat_coord":1,"stat.pickup.hbm.machine_satlinker":1,"stat.pickup.hbm.fluid_tank_full":256,"stat.pickup.hbm.designator_manual":1,"stat.talkedToVillager":1,"stat.flyOneCm":274366,"stat.deaths":4,"stat.drop":2,"stat.jump":27,"stat.swimOneCm":146,"stat.playOneMinute":18443,"stat.fallOneCm":3983,"stat.sneakTime":257,"stat.timeSinceDeath":269,"stat.sprintOneCm":4160,"stat.useItem.minecraft.stone_slab2":13}