{"stat.chestOpened":1,"stat.walkOneCm":9226,"stat.drop.gravestone.death_info":2,"stat.pickup.hbm.fluid_barrel_full":128,"stat.pickup.hbm.sat_interface":1,"stat.leaveGame":2,"stat.drop.minecraft.rotten_flesh":1,"stat.pickup.hbm.sat_coord":1,"stat.pickup.hbm.machine_satlinker":1,"stat.pickup.hbm.designator_manual":1,"stat.talkedToVillager":1,"stat.pickup.gravestone.death_info":1,"stat.jump":40,"stat.swimOneCm":146,"stat.drop.minecraft.chicken":1,"stat.pickup.hbm.hf_sword":1,"stat.fallOneCm":3983,"stat.drop.minecraft.feather":2,"stat.crouchOneCm":68,"stat.pickup.minecraft.chicken":1,"stat.sprintOneCm":5586,"stat.useItem.minecraft.stone_slab2":59,"stat.useItem.hbm.designator":1,"stat.pickup.minecraft.rotten_flesh":1,"stat.pickup.hbm.soyuz_launcher":1,"stat.damageTaken":380,"stat.pickup.minecraft.feather":2,"stat.pickup.hbm.fluid_tank_full":256,"stat.flyOneCm":376984,"stat.deaths":4,"stat.drop":6,"stat.playOneMinute":27712,"stat.sneakTime":438,"stat.timeSinceDeath":9538}