{"stat.chestOpened":2,"stat.useItem.minecraft.painting":3,"stat.pickup.minecraft.sign":2,"stat.useItem.minecraft.quartz_stairs":284,"stat.leaveGame":15,"stat.drop.hbm.steel_wall":2,"stat.pickup.minecraft.stained_glass_pane":1,"stat.useItem.minecraft.carpet":3,"stat.jump":517,"stat.swimOneCm":60672,"stat.fallOneCm":5151,"stat.climbOneCm":6008,"stat.pickup.minecraft.porkchop":2,"stat.pickup.minecraft.gunpowder":4,"stat.crouchOneCm":4906,"stat.pickup.minecraft.spider_eye":1,"stat.pickup.minecraft.dirt":4,"stat.useItem.minecraft.stone_slab2":7690,"stat.pickup.customnpcs.npcwand":1,"stat.useItem.minecraft.water_bucket":7,"stat.pickup.cfm.item_package_signed":1,"stat.drop.minecraft.stained_glass_pane":1,"stat.useItem.cfm.item_package":5,"stat.drop.cfm.item_package_signed":1,"stat.pickup.minecraft.brick_block":2,"stat.damageTaken":506010,"stat.drop.minecraft.brick_block":2,"stat.useItem.minecraft.rail":25,"stat.pickup.minecraft.cobblestone":1,"stat.pickup.minecraft.reeds":3,"stat.useItem.minecraft.stone_shovel":505,"stat.flyOneCm":4773579,"stat.pickup.minecraft.wheat_seeds":14,"stat.drop.minecraft.wheat_seeds":1,"stat.damageDealt":202,"stat.pickup.minecraft.redstone":5,"stat.timeSinceDeath":340883,"stat.useItem.minecraft.sign":5,"stat.pickup.hbm.steel_wall":2,"stat.pickup.minecraft.mutton":2,"stat.flowerPotted":4,"stat.walkOneCm":171401,"stat.useItem.minecraft.torch":44,"stat.useItem.minecraft.lever":2,"stat.drop.gravestone.death_info":1,"stat.pickup.minecraft.dark_oak_door":2,"stat.pickup.cfm.crate_spruce":1,"stat.pickup.minecraft.carpet":21,"stat.useItem.minecraft.lava_bucket":4,"stat.minecartOneCm":1942,"stat.pickup.minecraft.log":41,"stat.drop.minecraft.stonebrick":1,"stat.useItem.minecraft.redstone":7,"stat.useItem.minecraft.spruce_fence":4,"stat.pickup.minecraft.sapling":62,"stat.sprintOneCm":86689,"stat.pickup.minecraft.apple":2,"stat.drop.hbm.coin_siege":4,"stat.pickup.minecraft.grass":1,"stat.killEntity.Spider":1,"stat.pickup.hbm.coin_siege":7,"stat.mobKills":1,"stat.pickup.minecraft.lever":1,"stat.deaths":1,"stat.drop":14,"stat.mineBlock.minecraft.leaves":1,"stat.playOneMinute":341807,"stat.pickup.minecraft.torch":17,"stat.sneakTime":10592,"stat.pickup.minecraft.wool":1,"stat.pickup.casinocraft.arcade_slot_red":2,"stat.useItem.minecraft.wooden_axe":4,"stat.drop.minecraft.grass":1,"stat.mineBlock.minecraft.tallgrass":3,"stat.diveOneCm":61399}