{"stat.useItem.casinocraft.arcade_base_lightblue":3,"stat.pickup.minecraft.wooden_slab":1,"stat.pickup.casinocraft.cardtable_base_orange":1,"stat.leaveGame":16,"stat.pickup.casinocraft.arcade_base_black":3,"stat.drop.minecraft.glowstone_dust":6,"stat.pickup.hbm.battery_advanced":1,"stat.pickup.hbm.circuit_targeting_tier1":1,"stat.pickup.casinocraft.arcade_slot_orange":1,"stat.useItem.minecraft.diamond_sword":20,"stat.pickup.casinocraft.cardtable_base_cyan":1,"stat.pickup.hbm.ammo_5mm":4,"stat.pickup.gravestone.death_info":3,"stat.pickup.casinocraft.arcade_base_cyan":3,"stat.pickup.hbm.dust":4,"stat.pickup.secretroomsmod.secret_wooden_door":1,"stat.pickup.hbm.ammo_20gauge":1,"stat.swimOneCm":19539,"stat.climbOneCm":3787,"stat.pickup.customnpcs.npcmobcloner":1,"stat.drop.casinocraft.arcade_slot_red":1,"stat.pickup.casinocraft.cardtable_base_magenta":1,"stat.pickup.minecraft.glowstone_dust":6,"stat.pickup.minecraft.porkchop":3,"stat.pickup.casinocraft.arcade_base_lightblue":4,"stat.useItem.minecraft.stone_slab2":6234,"stat.pickup.minecraft.bow":1,"stat.pickup.minecraft.rotten_flesh":7,"stat.pickup.minecraft.sand":1,"stat.pickup.casinocraft.arcade_slot_purple":1,"stat.pickup.camera.image":5,"stat.pickup.minecraft.cobblestone":2,"stat.pickup.casinocraft.arcade_base_magenta":2,"stat.flyOneCm":4029038,"stat.pickup.casinocraft.arcade_base_silver":3,"stat.pickup.hbm.ammo_rocket_phosphorus":2,"stat.pickup.casinocraft.cardtable_wide_green":2,"stat.pickup.casinocraft.cardtable_base_yellow":1,"stat.pickup.hbm.gas_mask_m65":2,"stat.killEntity.Villager":1,"stat.pickup.minecraft.redstone":2,"stat.timeSinceDeath":61001,"stat.useItem.minecraft.spawn_egg":11,"stat.useItem.minecraft.wooden_slab":9,"stat.pickup.minecraft.mutton":1,"stat.pickup.casinocraft.arcade_slot_yellow":1,"stat.pickup.modcurrency.banknote":1,"stat.drop.gravestone.death_info":2,"stat.killEntity.entity_fucc_a_ducc":1,"stat.furnaceInteraction":4,"stat.pickup.minecraft.carpet":1,"stat.killEntity.Creeper":8,"stat.drop.minecraft.bedrock":1,"stat.pickup.casinocraft.arcade_slot_white":2,"stat.pickup.hbm.hf_sword":2,"stat.useItem.minecraft.redstone":2,"stat.pickup.minecraft.nether_star":55,"stat.pickup.casinocraft.cardtable_base_black":1,"stat.pickup.casinocraft.arcade_base_pink":2,"stat.sprintOneCm":166610,"stat.useItem.minecraft.diamond_shovel":333,"stat.pickup.casinocraft.arcade_slot_lime":1,"stat.pickup.minecraft.skull":4,"stat.pickup.casinocraft.cardtable_base_blue":1,"stat.useItem.carryon.tile_item":1,"stat.useItem.hbm.elec_shovel":2,"stat.pickup.casinocraft.arcade_base_yellow":2,"stat.pickup.casinocraft.arcade_base_lime":2,"stat.pickup.casinocraft.cardtable_base_red":1,"stat.pickup.casinocraft.cardtable_base_gray":1,"stat.pickup.hbm.cordite":6,"stat.pickup.casinocraft.arcade_slot_pink":1,"stat.deaths":5,"stat.drop":24,"stat.pickup.minecraft.egg":5,"stat.playOneMinute":527856,"stat.killEntity.Sheep":3,"stat.pickup.hbm.ammo_50bmg_ap":1,"stat.killEntity.Zombie":5,"stat.drop.minecraft.torch":2,"stat.diveOneCm":16158,"stat.chestOpened":9,"stat.pickup.casinocraft.arcade_base_white":2,"stat.pickup.hbm.ammo_20gauge_flechette":2,"stat.pickup.hbm.turret_chip":1,"stat.useItem.casinocraft.arcade_base_orange":6,"stat.pickup.casinocraft.arcade_base_red":2,"stat.pickup.minecraft.arrow":2,"stat.pickup.hbm.ammo_9mm":2,"stat.pickup.hbm.ammo_556":1,"stat.pickup.casinocraft.cardtable_base_green":1,"stat.pickup.casinocraft.arcade_base_purple":4,"stat.useItem.hbm.elec_pickaxe":16,"stat.useItem.hbm.chainsaw":11,"stat.pickup.minecraft.diamond_sword":1,"stat.jump":1083,"stat.useItem.minecraft.wooden_hoe":32,"stat.fallOneCm":418,"stat.drop.minecraft.diamond_sword":1,"stat.pickup.minecraft.gunpowder":9,"stat.crouchOneCm":6729,"stat.pickup.hbm.scrap":1,"stat.pickup.minecraft.dirt":13,"stat.craftingTableInteraction":1,"stat.pickup.casinocraft.cardtable_base_lime":1,"stat.damageTaken":60,"stat.pickup.minecraft.feather":1,"stat.drop.casinocraft.module_card_orange":1,"stat.pickup.casinocraft.arcade_base_blue":2,"stat.pickup.casinocraft.arcade_base_green":2,"stat.pickup.casinocraft.arcade_base_gray":2,"stat.drop.casinocraft.module_card_lime":1,"stat.useItem.customnpcs.npcwand":3,"stat.pickup.hbm.ammo_50bmg":40,"stat.drop.casinocraft.arcade_slot_white":1,"stat.damageDealt":1913,"stat.pickup.hbm.ammo_20gauge_slug":1,"stat.pickup.casinocraft.module_chip_blue":58,"stat.pickup.casinocraft.arcade_base_brown":3,"stat.killEntity.Pig":5,"stat.useItem.customnpcs.npcmobcloner":15,"stat.walkOneCm":777747,"stat.useItem.minecraft.torch":34,"stat.useItem.camera.image_frame":7,"stat.drop.minecraft.porkchop":3,"stat.craftItem.minecraft.crafting_table":1,"stat.pickup.casinocraft.module_card_orange":1,"stat.pickup.casinocraft.arcade_base_orange":5,"stat.pickup.minecraft.log":5,"stat.pickup.hbm.ammo_12gauge":2,"stat.drop.casinocraft.module_chip_blue":1,"stat.pickup.hbm.syringe_metal_stimpak":1,"stat.pickup.minecraft.chicken":1,"stat.pickup.minecraft.sapling":3,"stat.drop.minecraft.wooden_slab":1,"stat.pickup.casinocraft.cardtable_base_purple":1,"stat.pickup.casinocraft.module_chip_cyan":16,"stat.killEntity.Skeleton":4,"stat.pickup.minecraft.barrier":1,"stat.drop.minecraft.grass_path":1,"stat.drop.minecraft.lever":1,"stat.craftItem.minecraft.planks":20,"stat.pickup.camera.image_frame":2,"stat.killEntity.Chicken":1,"stat.drop.cgm.handgun":1,"stat.pickup.hbm.ammo_rocket":3,"stat.pickup.hbm.coin_siege":71,"stat.mobKills":29,"stat.mineBlock.minecraft.log":5,"stat.pickup.hbm.ammo_grenade":1,"stat.useItem.carryon.entity_item":3,"stat.pickup.casinocraft.cardtable_base_lightblue":1,"stat.pickup.casinocraft.cardtable_base_pink":1,"stat.pickup.casinocraft.cardtable_base_white":1,"stat.pickup.minecraft.torch":6,"stat.sneakTime":8005,"stat.pickup.minecraft.wool":1,"stat.pickup.casinocraft.arcade_slot_red":1,"stat.pickup.hbm.battery_creative":1,"stat.pickup.casinocraft.cardtable_base_silver":1,"stat.mineBlock.minecraft.stone":1,"stat.pickup.casinocraft.cardtable_base_brown":1}