{"stats":{"minecraft:killed_by":{"minecraft:player":1,"zombie_extreme:infected_military":1},"minecraft:killed":{"zombie_extreme:night_hunter":3,"zombie_extreme:military":1,"zombie_extreme:divided":1,"minecraft:sheep":5,"minecraft:skeleton":1,"zombie_extreme:ram":1,"zombie_extreme:devastated":1,"zombie_extreme:runner":2,"minecraft:cow":4},"minecraft:mined":{"minecraft:crafting_table":2,"minecraft:glass":1,"minecraft:bricks":1,"minecraft:birch_log":5,"zombie_extreme:decomposing_backpack":1,"minecraft:birch_leaves":1,"minecraft:grass":3,"minecraft:oak_log":9,"zombie_extreme:oil_shale_sand":4,"minecraft:cracked_stone_bricks":1,"minecraft:stone_bricks":2,"minecraft:mossy_stone_bricks":1},"minecraft:used":{"zombie_extreme:decomposing_backpack":1,"minecraft:birch_planks":11,"minecraft:wooden_pickaxe":11,"zombie_extreme:rotten_apple":1,"zombie_extreme:vodka":1,"minecraft:crafting_table":3,"minecraft:white_bed":1,"minecraft:wooden_axe":8,"zombie_extreme:frying_pan":27,"minecraft:oak_boat":4,"alexsmobs:animal_dictionary":1},"minecraft:crafted":{"minecraft:oak_planks":36,"minecraft:crafting_table":2,"minecraft:wooden_pickaxe":1,"minecraft:birch_planks":20,"firstaid:plaster":1,"minecraft:oak_boat":2,"minecraft:white_wool":1,"minecraft:stick":8,"minecraft:wooden_axe":1,"minecraft:white_bed":1},"minecraft:custom":{"minecraft:mob_kills":19,"minecraft:interact_with_crafting_table":5,"minecraft:open_barrel":2,"minecraft:play_one_minute":46282,"minecraft:leave_game":6,"minecraft:time_since_death":1443,"minecraft:sleep_in_bed":1,"minecraft:climb_one_cm":218,"minecraft:damage_resisted":6,"minecraft:time_since_rest":1471,"minecraft:sprint_one_cm":74292,"minecraft:damage_taken":643,"minecraft:walk_one_cm":66261,"minecraft:damage_dealt":910,"minecraft:swim_one_cm":4378,"minecraft:fly_one_cm":139897,"minecraft:player_kills":6,"minecraft:open_chest":6,"minecraft:crouch_one_cm":139,"minecraft:sneak_time":212,"minecraft:deaths":3,"minecraft:walk_under_water_one_cm":925,"minecraft:boat_one_cm":212316,"minecraft:jump":598,"minecraft:walk_on_water_one_cm":8460,"minecraft:fall_one_cm":9477},"minecraft:picked_up":{"minecraft:wooden_axe":3,"minecraft:birch_log":5,"zombie_extreme:frying_pan":5,"minecraft:crafting_table":5,"minecraft:feather":3,"tac:glock_17":3,"minecraft:leather":9,"minecraft:wooden_pickaxe":3,"minecraft:birch_planks":32,"minecraft:oak_log":10,"zombie_extreme:decomposing_backpack":1,"minecraft:paper":4,"minecraft:string":22,"mts:mts.handbook_plane":3,"minecraft:stone_bricks":6,"minecraft:cracked_stone_bricks":3,"minecraft:beef":22,"minecraft:oak_boat":6,"minecraft:mossy_stone_bricks":3,"tac:9mm_round":393,"zombie_extreme:oil_shale":16,"minecraft:glass_bottle":3,"minecraft:oak_planks":9,"minecraft:book":1,"firstaid:plaster":2,"minecraft:stick":12,"minecraft:bowl":3,"mts:mts.handbook_car":3,"alexsmobs:animal_dictionary":3,"minecraft:arrow":6,"zombie_extreme:titan_nugget":6,"minecraft:mutton":20,"minecraft:bricks":1,"minecraft:white_wool":7}},"DataVersion":2586}