{"stats":{"minecraft:killed":{"zombie_extreme:divided":1,"minecraft:skeleton":1,"zombie_extreme:night_hunter":3,"zombie_extreme:ram":1,"zombie_extreme:devastated":1,"zombie_extreme:runner":2,"zombie_extreme:military":1},"minecraft:mined":{"minecraft:birch_log":5,"zombie_extreme:decomposing_backpack":1,"minecraft:birch_leaves":1,"minecraft:crafting_table":1,"minecraft:grass":1,"minecraft:oak_log":8,"zombie_extreme:oil_shale_sand":4,"minecraft:cracked_stone_bricks":1,"minecraft:stone_bricks":2,"minecraft:mossy_stone_bricks":1},"minecraft:crafted":{"minecraft:oak_boat":2,"minecraft:oak_planks":32,"minecraft:crafting_table":2,"minecraft:stick":8,"minecraft:wooden_pickaxe":1,"minecraft:wooden_axe":1,"minecraft:birch_planks":20},"minecraft:used":{"minecraft:wooden_axe":6,"zombie_extreme:decomposing_backpack":1,"minecraft:birch_planks":2,"minecraft:wooden_pickaxe":10,"zombie_extreme:vodka":1,"minecraft:crafting_table":2,"alexsmobs:animal_dictionary":1,"minecraft:oak_boat":3},"minecraft:custom":{"minecraft:time_since_rest":7416,"minecraft:sprint_one_cm":32121,"minecraft:damage_taken":209,"minecraft:walk_one_cm":24804,"minecraft:mob_kills":10,"minecraft:interact_with_crafting_table":3,"minecraft:swim_one_cm":4378,"minecraft:fly_one_cm":87313,"minecraft:player_kills":6,"minecraft:open_barrel":1,"minecraft:open_chest":1,"minecraft:crouch_one_cm":74,"minecraft:play_one_minute":30084,"minecraft:deaths":1,"minecraft:sneak_time":162,"minecraft:walk_under_water_one_cm":799,"minecraft:boat_one_cm":160505,"minecraft:jump":218,"minecraft:leave_game":6,"minecraft:time_since_death":7373,"minecraft:walk_on_water_one_cm":6783,"minecraft:damage_resisted":6,"minecraft:fall_one_cm":2512},"minecraft:picked_up":{"minecraft:wooden_axe":1,"zombie_extreme:frying_pan":1,"minecraft:stick":4,"minecraft:crafting_table":2,"minecraft:feather":1,"tac:glock_17":1,"minecraft:leather":1,"minecraft:bowl":1,"minecraft:wooden_pickaxe":1,"minecraft:oak_log":8,"mts:mts.handbook_car":1,"alexsmobs:animal_dictionary":1,"zombie_extreme:decomposing_backpack":1,"minecraft:paper":1,"mts:mts.handbook_plane":1,"minecraft:arrow":2,"minecraft:stone_bricks":2,"minecraft:cracked_stone_bricks":1,"minecraft:oak_boat":3,"minecraft:mossy_stone_bricks":1,"minecraft:glass_bottle":1,"tac:9mm_round":131,"zombie_extreme:oil_shale":8,"zombie_extreme:titan_nugget":2,"minecraft:oak_planks":1,"minecraft:birch_log":5}},"DataVersion":2586}