{"stats":{"minecraft:killed":{"zombie_extreme:divided":1,"zombie_extreme:devastated":1,"zombie_extreme:runner":2,"zombie_extreme:night_hunter":2,"zombie_extreme:ram":1,"zombie_extreme:military":1},"minecraft:mined":{"minecraft:oak_log":5,"zombie_extreme:oil_shale_sand":1,"minecraft:crafting_table":1},"minecraft:crafted":{"minecraft:oak_boat":1,"minecraft:oak_planks":20,"minecraft:crafting_table":1,"minecraft:stick":8,"minecraft:wooden_pickaxe":1,"minecraft:wooden_axe":1},"minecraft:used":{"minecraft:wooden_axe":1,"minecraft:crafting_table":1,"minecraft:wooden_pickaxe":1},"minecraft:custom":{"minecraft:time_since_rest":17140,"minecraft:play_one_minute":17140,"minecraft:sprint_one_cm":6694,"minecraft:walk_one_cm":7270,"minecraft:sneak_time":124,"minecraft:walk_under_water_one_cm":307,"minecraft:mob_kills":8,"minecraft:jump":53,"minecraft:walk_on_water_one_cm":1096,"minecraft:time_since_death":17140,"minecraft:leave_game":5,"minecraft:swim_one_cm":663,"minecraft:interact_with_crafting_table":2,"minecraft:fall_one_cm":418,"minecraft:fly_one_cm":60710,"minecraft:player_kills":6},"minecraft:picked_up":{"minecraft:crafting_table":1,"minecraft:oak_log":5,"zombie_extreme:oil_shale":1}},"DataVersion":2586}