{"stats":{"minecraft:killed_by":{"minecraft:player":1,"zombie_extreme:infected_military":1},"minecraft:killed":{"zombie_extreme:infected_military":1,"zombie_extreme:night_hunter":3,"zombie_extreme:military":1,"zombie_extreme:divided":1,"minecraft:sheep":6,"minecraft:skeleton":1,"zombie_extreme:ram":1,"zombie_extreme:infected_police":1,"zombie_extreme:devastated":1,"zombie_extreme:runner":4,"minecraft:cow":4},"minecraft:mined":{"minecraft:white_bed":2,"minecraft:crafting_table":2,"minecraft:glass":1,"minecraft:bricks":1,"minecraft:birch_log":5,"zombie_extreme:decomposing_backpack":1,"minecraft:birch_leaves":1,"minecraft:grass":4,"minecraft:oak_log":9,"zombie_extreme:oil_shale_sand":4,"minecraft:dirt":12,"minecraft:cracked_stone_bricks":1,"minecraft:stone_bricks":2,"minecraft:mossy_stone_bricks":1},"minecraft:dropped":{"tac:glock_17":1,"minecraft:lily_pad":7},"minecraft:used":{"zombie_extreme:decomposing_backpack":1,"minecraft:birch_planks":11,"minecraft:wooden_pickaxe":11,"zombie_extreme:rotten_apple":1,"zombie_extreme:vodka":1,"minecraft:dirt":1,"minecraft:mutton":4,"minecraft:crafting_table":3,"minecraft:white_bed":3,"minecraft:wooden_axe":8,"zombie_extreme:frying_pan":30,"minecraft:oak_boat":5,"alexsmobs:animal_dictionary":1},"minecraft:crafted":{"minecraft:oak_planks":36,"minecraft:crafting_table":2,"minecraft:wooden_pickaxe":1,"minecraft:birch_planks":20,"firstaid:plaster":1,"minecraft:oak_boat":2,"minecraft:white_wool":2,"minecraft:stick":8,"minecraft:wooden_axe":1,"minecraft:white_bed":2},"minecraft:custom":{"minecraft:mob_kills":23,"minecraft:interact_with_crafting_table":6,"minecraft:open_barrel":4,"minecraft:play_one_minute":58282,"minecraft:leave_game":6,"minecraft:time_since_death":13443,"minecraft:sleep_in_bed":2,"minecraft:climb_one_cm":715,"minecraft:damage_resisted":6,"minecraft:time_since_rest":2147,"minecraft:sprint_one_cm":121348,"minecraft:damage_taken":673,"minecraft:walk_one_cm":93382,"minecraft:drop":2,"minecraft:damage_dealt":990,"minecraft:swim_one_cm":4936,"minecraft:fly_one_cm":178491,"minecraft:player_kills":6,"minecraft:open_chest":8,"minecraft:crouch_one_cm":140,"minecraft:sneak_time":304,"minecraft:deaths":3,"minecraft:walk_under_water_one_cm":1123,"minecraft:boat_one_cm":247088,"minecraft:jump":924,"minecraft:walk_on_water_one_cm":8946,"minecraft:fall_one_cm":15399},"minecraft:picked_up":{"minecraft:wooden_axe":3,"minecraft:birch_log":5,"zombie_extreme:frying_pan":5,"minecraft:crafting_table":5,"minecraft:feather":3,"tac:glock_17":4,"minecraft:leather":9,"minecraft:wooden_pickaxe":3,"minecraft:birch_planks":32,"minecraft:oak_log":10,"minecraft:lily_pad":7,"minecraft:dirt":6,"zombie_extreme:decomposing_backpack":1,"minecraft:paper":4,"minecraft:string":22,"minecraft:bone":1,"mts:mts.handbook_plane":3,"minecraft:stone_bricks":6,"minecraft:cracked_stone_bricks":3,"minecraft:beef":22,"minecraft:oak_boat":7,"minecraft:mossy_stone_bricks":3,"tac:9mm_round":393,"zombie_extreme:oil_shale":16,"minecraft:glass_bottle":3,"minecraft:oak_planks":9,"minecraft:book":1,"firstaid:plaster":2,"minecraft:stick":12,"minecraft:bowl":3,"minecraft:white_bed":2,"mts:mts.handbook_car":3,"alexsmobs:animal_dictionary":3,"minecraft:arrow":6,"zombie_extreme:titan_nugget":6,"minecraft:mutton":21,"minecraft:bricks":1,"minecraft:white_wool":8}},"DataVersion":2586}