{"stats":{"minecraft:killed_by":{"zombie_extreme:infected_military":1},"minecraft:killed":{"zombie_extreme:divided":1,"minecraft:sheep":1,"minecraft:skeleton":1,"zombie_extreme:night_hunter":3,"zombie_extreme:ram":1,"zombie_extreme:devastated":1,"zombie_extreme:runner":2,"zombie_extreme:military":1},"minecraft:mined":{"minecraft:birch_log":5,"zombie_extreme:decomposing_backpack":1,"minecraft:birch_leaves":1,"minecraft:crafting_table":1,"minecraft:grass":1,"minecraft:oak_log":9,"zombie_extreme:oil_shale_sand":4,"minecraft:cracked_stone_bricks":1,"minecraft:stone_bricks":2,"minecraft:mossy_stone_bricks":1},"minecraft:crafted":{"minecraft:oak_boat":2,"minecraft:oak_planks":32,"minecraft:crafting_table":2,"minecraft:stick":8,"minecraft:wooden_pickaxe":1,"minecraft:wooden_axe":1,"minecraft:birch_planks":20},"minecraft:used":{"minecraft:wooden_axe":7,"zombie_extreme:decomposing_backpack":1,"minecraft:birch_planks":2,"minecraft:wooden_pickaxe":10,"zombie_extreme:frying_pan":10,"zombie_extreme:vodka":1,"minecraft:crafting_table":2,"alexsmobs:animal_dictionary":1,"minecraft:oak_boat":3},"minecraft:custom":{"minecraft:damage_taken":394,"minecraft:sprint_one_cm":47284,"minecraft:walk_one_cm":36975,"minecraft:mob_kills":11,"minecraft:damage_dealt":190,"minecraft:swim_one_cm":4378,"minecraft:interact_with_crafting_table":4,"minecraft:fly_one_cm":101572,"minecraft:player_kills":6,"minecraft:open_barrel":2,"minecraft:open_chest":2,"minecraft:play_one_minute":34282,"minecraft:crouch_one_cm":80,"minecraft:deaths":2,"minecraft:sneak_time":179,"minecraft:walk_under_water_one_cm":799,"minecraft:boat_one_cm":160505,"minecraft:jump":313,"minecraft:climb_one_cm":218,"minecraft:leave_game":6,"minecraft:time_since_death":3550,"minecraft:walk_on_water_one_cm":7335,"minecraft:damage_resisted":6,"minecraft:fall_one_cm":4776,"minecraft:time_since_rest":3585},"minecraft:picked_up":{"minecraft:wooden_axe":2,"minecraft:birch_log":5,"zombie_extreme:frying_pan":3,"minecraft:crafting_table":3,"minecraft:stick":8,"minecraft:feather":2,"tac:glock_17":2,"minecraft:leather":2,"minecraft:bowl":2,"minecraft:wooden_pickaxe":2,"minecraft:birch_planks":18,"minecraft:oak_log":9,"minecraft:string":2,"mts:mts.handbook_car":2,"zombie_extreme:decomposing_backpack":1,"alexsmobs:animal_dictionary":2,"minecraft:paper":2,"mts:mts.handbook_plane":2,"minecraft:arrow":4,"minecraft:stone_bricks":4,"minecraft:cracked_stone_bricks":2,"minecraft:oak_boat":4,"minecraft:mossy_stone_bricks":2,"minecraft:glass_bottle":2,"zombie_extreme:oil_shale":12,"tac:9mm_round":262,"minecraft:mutton":4,"zombie_extreme:titan_nugget":4,"minecraft:oak_planks":5,"minecraft:white_wool":2}},"DataVersion":2586}