{"stats":{"minecraft:killed":{"minecraft:sheep":2},"minecraft:mined":{"minecraft:grass":3},"minecraft:picked_up":{"minecraft:mutton":4,"minecraft:white_wool":2},"minecraft:custom":{"minecraft:jump":66,"minecraft:time_since_rest":3057,"minecraft:damage_dealt":160,"minecraft:play_one_minute":3057,"minecraft:leave_game":1,"minecraft:sprint_one_cm":6576,"minecraft:time_since_death":3057,"minecraft:walk_one_cm":2595,"minecraft:mob_kills":2,"minecraft:fall_one_cm":2475,"minecraft:fly_one_cm":9893}},"DataVersion":2586}