{"stats":{"minecraft:killed_by":{"minecraft:player":3,"zombie_extreme:night_hunter":1,"minecraft:creeper":1,"zombie_extreme:runner":1,"zombie_extreme:crawler":1,"zombie_extreme:military":1},"minecraft:killed":{"minecraft:pig":1,"zombie_extreme:infected_hazmat":2,"zombie_extreme:infected_juggernaut":1,"minecraft:sheep":9},"minecraft:mined":{"minecraft:white_bed":3,"minecraft:cornflower":1,"minecraft:crafting_table":2,"minecraft:grass_block":9,"minecraft:campfire":2,"minecraft:glass":1,"minecraft:cobblestone":8,"minecraft:lily_pad":1,"minecraft:oak_planks":7,"minecraft:seagrass":1,"minecraft:tall_seagrass":3,"minecraft:birch_planks":14,"minecraft:furnace":1,"minecraft:birch_log":39,"minecraft:birch_leaves":1,"minecraft:grass":4,"minecraft:oak_log":9,"minecraft:iron_bars":10,"minecraft:dirt":13,"minecraft:cobweb":8,"minecraft:stone":6},"minecraft:dropped":{"minecraft:kelp":7,"minecraft:birch_planks":2,"minecraft:rotten_flesh":2,"mts:mts.handbook_car":1,"minecraft:cooked_mutton":1,"minecraft:white_bed":2,"minecraft:iron_bars":1},"minecraft:crafted":{"minecraft:wooden_sword":1,"minecraft:oak_planks":28,"minecraft:crafting_table":6,"minecraft:birch_boat":3,"minecraft:wooden_pickaxe":1,"minecraft:furnace":1,"minecraft:birch_planks":108,"minecraft:campfire":3,"minecraft:stone_axe":1,"minecraft:cooked_mutton":5,"minecraft:air":0,"minecraft:oak_boat":1,"minecraft:charcoal":14,"minecraft:stick":20,"minecraft:stone_pickaxe":1,"minecraft:wooden_axe":1,"minecraft:white_bed":3},"minecraft:used":{"minecraft:cooked_mutton":4,"minecraft:birch_planks":67,"minecraft:stone_pickaxe":23,"minecraft:birch_boat":3,"minecraft:wooden_pickaxe":6,"zombie_extreme:chips":1,"minecraft:dirt":3,"minecraft:mutton":4,"minecraft:crafting_table":8,"minecraft:white_bed":5,"minecraft:campfire":3,"minecraft:wooden_axe":27,"minecraft:stone_axe":63,"minecraft:wooden_sword":8,"minecraft:furnace":1,"minecraft:porkchop":2,"minecraft:birch_log":1,"minecraft:oak_boat":2},"minecraft:custom":{"minecraft:interact_with_furnace":7,"minecraft:mob_kills":15,"minecraft:interact_with_crafting_table":17,"minecraft:open_barrel":9,"minecraft:play_one_minute":63358,"minecraft:time_since_death":12042,"minecraft:sleep_in_bed":3,"minecraft:climb_one_cm":354,"minecraft:time_since_rest":2147,"minecraft:sprint_one_cm":255170,"minecraft:damage_taken":2274,"minecraft:walk_one_cm":115267,"minecraft:drop":16,"minecraft:damage_dealt":1189,"minecraft:swim_one_cm":30024,"minecraft:fly_one_cm":207982,"minecraft:player_kills":2,"minecraft:open_chest":10,"minecraft:crouch_one_cm":9452,"minecraft:deaths":10,"minecraft:sneak_time":5121,"minecraft:walk_under_water_one_cm":12199,"minecraft:boat_one_cm":232207,"minecraft:jump":1042,"minecraft:walk_on_water_one_cm":14244,"minecraft:fall_one_cm":19504},"minecraft:picked_up":{"minecraft:wooden_axe":2,"minecraft:birch_log":42,"zombie_extreme:cleaver":1,"minecraft:charcoal":18,"minecraft:crafting_table":2,"tac:glock_17":3,"zombie_extreme:pipe":1,"minecraft:leather":1,"minecraft:wooden_pickaxe":2,"minecraft:birch_planks":59,"minecraft:oak_log":12,"minecraft:lily_pad":9,"minecraft:cornflower":1,"minecraft:string":11,"minecraft:dirt":28,"minecraft:wooden_sword":1,"zombie_extreme:chips":2,"minecraft:cooked_mutton":1,"mts:mts.handbook_plane":3,"minecraft:kelp":7,"zombie_extreme:golf_club":1,"minecraft:stone_pickaxe":1,"minecraft:oak_boat":1,"tac:9mm_round":413,"minecraft:oak_planks":10,"minecraft:furnace":1,"minecraft:stick":1,"minecraft:birch_boat":1,"minecraft:porkchop":2,"minecraft:white_bed":5,"mts:mts.handbook_car":3,"alexsmobs:animal_dictionary":6,"minecraft:rotten_flesh":4,"minecraft:stone_axe":1,"zombie_extreme:rotten_apple":2,"minecraft:mutton":13,"minecraft:iron_bars":8,"minecraft:cobblestone":20,"minecraft:white_wool":9}},"DataVersion":2586}