{"stats":{"minecraft:killed_by":{"minecraft:creeper":1,"minecraft:player":3,"zombie_extreme:military":1},"minecraft:killed":{"zombie_extreme:infected_hazmat":1},"minecraft:mined":{"minecraft:oak_log":4,"minecraft:crafting_table":1},"minecraft:dropped":{"minecraft:rotten_flesh":1,"mts:mts.handbook_car":1},"minecraft:crafted":{"minecraft:oak_boat":1,"minecraft:oak_planks":16,"minecraft:crafting_table":1,"minecraft:stick":4,"minecraft:wooden_axe":1},"minecraft:used":{"minecraft:wooden_axe":1,"minecraft:crafting_table":1},"minecraft:custom":{"minecraft:time_since_rest":4845,"minecraft:play_one_minute":15358,"minecraft:crouch_one_cm":2046,"minecraft:sprint_one_cm":25055,"minecraft:walk_one_cm":17689,"minecraft:damage_taken":1479,"minecraft:deaths":6,"minecraft:sneak_time":975,"minecraft:walk_under_water_one_cm":7630,"minecraft:mob_kills":1,"minecraft:drop":2,"minecraft:jump":192,"minecraft:damage_dealt":151,"minecraft:time_since_death":4816,"minecraft:walk_on_water_one_cm":9543,"minecraft:interact_with_crafting_table":3,"minecraft:swim_one_cm":24439,"minecraft:fall_one_cm":3346,"minecraft:fly_one_cm":26980,"minecraft:player_kills":1},"minecraft:picked_up":{"minecraft:crafting_table":1,"tac:glock_17":1,"mts:mts.handbook_plane":1,"minecraft:rotten_flesh":1,"minecraft:oak_log":8,"mts:mts.handbook_car":3,"alexsmobs:animal_dictionary":4}},"DataVersion":2586}