{"stats":{"minecraft:killed_by":{"minecraft:player":3,"zombie_extreme:night_hunter":1,"minecraft:creeper":1,"zombie_extreme:runner":1,"zombie_extreme:crawler":1,"zombie_extreme:military":1},"minecraft:killed":{"zombie_extreme:infected_hazmat":1,"zombie_extreme:infected_juggernaut":1,"minecraft:sheep":6},"minecraft:mined":{"minecraft:crafting_table":1,"minecraft:grass_block":5,"minecraft:campfire":1,"minecraft:glass":1,"minecraft:cobblestone":8,"minecraft:oak_planks":7,"minecraft:birch_planks":4,"minecraft:birch_log":36,"minecraft:grass":4,"minecraft:oak_log":6,"minecraft:iron_bars":10,"minecraft:dirt":2,"minecraft:stone":6},"minecraft:dropped":{"minecraft:kelp":7,"minecraft:rotten_flesh":1,"mts:mts.handbook_car":1},"minecraft:crafted":{"minecraft:oak_planks":20,"minecraft:crafting_table":3,"minecraft:wooden_pickaxe":1,"minecraft:furnace":1,"minecraft:birch_planks":108,"minecraft:campfire":2,"minecraft:stone_axe":1,"minecraft:cooked_mutton":5,"minecraft:air":0,"minecraft:oak_boat":1,"minecraft:charcoal":14,"minecraft:stick":16,"minecraft:stone_pickaxe":1,"minecraft:wooden_axe":1,"minecraft:white_bed":2},"minecraft:used":{"minecraft:cooked_mutton":2,"minecraft:birch_planks":35,"minecraft:stone_pickaxe":18,"minecraft:wooden_pickaxe":6,"zombie_extreme:chips":1,"minecraft:mutton":4,"minecraft:crafting_table":4,"minecraft:white_bed":2,"minecraft:campfire":2,"minecraft:wooden_axe":20,"minecraft:stone_axe":45,"minecraft:furnace":1,"minecraft:birch_log":1,"minecraft:oak_boat":2},"minecraft:custom":{"minecraft:interact_with_furnace":7,"minecraft:mob_kills":8,"minecraft:interact_with_crafting_table":11,"minecraft:open_barrel":2,"minecraft:play_one_minute":39358,"minecraft:time_since_death":18192,"minecraft:sleep_in_bed":1,"minecraft:time_since_rest":4418,"minecraft:sprint_one_cm":167540,"minecraft:damage_taken":2164,"minecraft:walk_one_cm":62412,"minecraft:drop":9,"minecraft:damage_dealt":849,"minecraft:swim_one_cm":29290,"minecraft:fly_one_cm":86639,"minecraft:player_kills":1,"minecraft:open_chest":2,"minecraft:crouch_one_cm":7202,"minecraft:deaths":9,"minecraft:sneak_time":3892,"minecraft:walk_under_water_one_cm":12019,"minecraft:boat_one_cm":144601,"minecraft:jump":499,"minecraft:walk_on_water_one_cm":13163,"minecraft:fall_one_cm":8541},"minecraft:picked_up":{"minecraft:wooden_axe":1,"minecraft:birch_log":36,"minecraft:charcoal":2,"minecraft:crafting_table":1,"tac:glock_17":2,"minecraft:wooden_pickaxe":1,"minecraft:birch_planks":5,"minecraft:oak_log":10,"minecraft:dirt":7,"zombie_extreme:chips":2,"mts:mts.handbook_plane":2,"minecraft:kelp":7,"minecraft:oak_boat":1,"tac:9mm_round":214,"minecraft:oak_planks":10,"mts:mts.handbook_car":3,"alexsmobs:animal_dictionary":5,"minecraft:rotten_flesh":2,"minecraft:mutton":9,"minecraft:iron_bars":7,"minecraft:cobblestone":20,"minecraft:white_wool":6}},"DataVersion":2586}