{"stats":{"minecraft:killed_by":{"minecraft:player":3,"zombie_extreme:night_hunter":1,"minecraft:creeper":1,"zombie_extreme:runner":1,"zombie_extreme:crawler":1,"zombie_extreme:military":1},"minecraft:killed":{"zombie_extreme:infected_hazmat":1,"zombie_extreme:infected_juggernaut":1,"minecraft:sheep":6},"minecraft:mined":{"minecraft:white_bed":2,"minecraft:crafting_table":2,"minecraft:grass_block":5,"minecraft:campfire":1,"minecraft:glass":1,"minecraft:cobblestone":8,"minecraft:oak_planks":7,"minecraft:birch_planks":12,"minecraft:furnace":1,"minecraft:birch_log":39,"minecraft:birch_leaves":1,"minecraft:grass":4,"minecraft:oak_log":6,"minecraft:iron_bars":10,"minecraft:dirt":2,"minecraft:cobweb":4,"minecraft:stone":6},"minecraft:dropped":{"minecraft:kelp":7,"minecraft:rotten_flesh":2,"mts:mts.handbook_car":1,"minecraft:cooked_mutton":1,"minecraft:white_bed":1,"minecraft:iron_bars":1},"minecraft:crafted":{"minecraft:wooden_sword":1,"minecraft:oak_planks":20,"minecraft:crafting_table":4,"minecraft:birch_boat":2,"minecraft:wooden_pickaxe":1,"minecraft:furnace":1,"minecraft:birch_planks":108,"minecraft:campfire":2,"minecraft:stone_axe":1,"minecraft:cooked_mutton":5,"minecraft:air":0,"minecraft:oak_boat":1,"minecraft:charcoal":14,"minecraft:stick":16,"minecraft:stone_pickaxe":1,"minecraft:wooden_axe":1,"minecraft:white_bed":2},"minecraft:used":{"minecraft:cooked_mutton":4,"minecraft:birch_planks":67,"minecraft:stone_pickaxe":19,"minecraft:birch_boat":2,"minecraft:wooden_pickaxe":6,"zombie_extreme:chips":1,"minecraft:mutton":4,"minecraft:crafting_table":6,"minecraft:white_bed":4,"minecraft:campfire":2,"minecraft:wooden_axe":27,"minecraft:stone_axe":53,"minecraft:wooden_sword":4,"minecraft:furnace":1,"minecraft:birch_log":1,"minecraft:oak_boat":2},"minecraft:custom":{"minecraft:interact_with_furnace":7,"minecraft:mob_kills":8,"minecraft:interact_with_crafting_table":13,"minecraft:open_barrel":4,"minecraft:play_one_minute":51358,"minecraft:time_since_death":42,"minecraft:sleep_in_bed":2,"minecraft:time_since_rest":69,"minecraft:sprint_one_cm":207051,"minecraft:damage_taken":2274,"minecraft:walk_one_cm":91715,"minecraft:drop":13,"minecraft:damage_dealt":849,"minecraft:swim_one_cm":29754,"minecraft:fly_one_cm":136865,"minecraft:player_kills":2,"minecraft:open_chest":6,"minecraft:crouch_one_cm":9179,"minecraft:deaths":10,"minecraft:sneak_time":4631,"minecraft:walk_under_water_one_cm":12125,"minecraft:boat_one_cm":200466,"minecraft:jump":698,"minecraft:walk_on_water_one_cm":13774,"minecraft:fall_one_cm":12638},"minecraft:picked_up":{"minecraft:wooden_axe":1,"minecraft:birch_log":39,"minecraft:charcoal":2,"minecraft:crafting_table":2,"tac:glock_17":2,"minecraft:wooden_pickaxe":1,"minecraft:birch_planks":44,"minecraft:oak_log":10,"minecraft:lily_pad":1,"minecraft:string":4,"minecraft:dirt":7,"zombie_extreme:chips":2,"minecraft:cooked_mutton":1,"mts:mts.handbook_plane":2,"minecraft:kelp":7,"minecraft:oak_boat":1,"tac:9mm_round":214,"minecraft:oak_planks":10,"minecraft:furnace":1,"minecraft:white_bed":3,"mts:mts.handbook_car":3,"alexsmobs:animal_dictionary":5,"minecraft:rotten_flesh":3,"minecraft:mutton":9,"minecraft:iron_bars":8,"minecraft:cobblestone":20,"minecraft:white_wool":6}},"DataVersion":2586}