{"stats":{"minecraft:killed_by":{"minecraft:player":3,"zombie_extreme:night_hunter":1,"minecraft:creeper":1,"zombie_extreme:runner":1,"zombie_extreme:crawler":1,"zombie_extreme:military":1},"minecraft:killed":{"minecraft:sheep":5,"zombie_extreme:infected_hazmat":1},"minecraft:mined":{"minecraft:birch_log":1,"minecraft:crafting_table":1,"minecraft:grass":2,"minecraft:oak_log":6,"minecraft:stone":6},"minecraft:dropped":{"minecraft:kelp":7,"minecraft:rotten_flesh":1,"mts:mts.handbook_car":1},"minecraft:crafted":{"minecraft:oak_boat":1,"minecraft:oak_planks":20,"minecraft:crafting_table":2,"minecraft:stick":8,"minecraft:stone_pickaxe":1,"minecraft:wooden_pickaxe":1,"minecraft:wooden_axe":1,"minecraft:birch_planks":4,"minecraft:stone_axe":1},"minecraft:used":{"minecraft:wooden_axe":4,"minecraft:wooden_pickaxe":6,"minecraft:stone_axe":7,"zombie_extreme:chips":1,"minecraft:mutton":1,"minecraft:crafting_table":3,"minecraft:oak_boat":2},"minecraft:custom":{"minecraft:time_since_rest":6226,"minecraft:sprint_one_cm":83816,"minecraft:damage_taken":2124,"minecraft:walk_one_cm":40267,"minecraft:mob_kills":6,"minecraft:drop":9,"minecraft:damage_dealt":766,"minecraft:player_kills":1,"minecraft:swim_one_cm":29290,"minecraft:interact_with_crafting_table":6,"minecraft:fly_one_cm":59297,"minecraft:open_barrel":2,"minecraft:open_chest":2,"minecraft:crouch_one_cm":3539,"minecraft:play_one_minute":27358,"minecraft:deaths":9,"minecraft:sneak_time":1515,"minecraft:walk_under_water_one_cm":12019,"minecraft:boat_one_cm":144601,"minecraft:jump":366,"minecraft:walk_on_water_one_cm":12957,"minecraft:time_since_death":6192,"minecraft:fall_one_cm":6534},"minecraft:picked_up":{"minecraft:wooden_axe":1,"minecraft:birch_log":1,"minecraft:crafting_table":1,"tac:glock_17":2,"minecraft:wooden_pickaxe":1,"minecraft:oak_log":10,"mts:mts.handbook_car":3,"alexsmobs:animal_dictionary":5,"zombie_extreme:chips":2,"mts:mts.handbook_plane":2,"minecraft:rotten_flesh":1,"minecraft:kelp":7,"minecraft:oak_boat":1,"tac:9mm_round":214,"minecraft:mutton":8,"minecraft:oak_planks":3,"minecraft:white_wool":5,"minecraft:cobblestone":12}},"DataVersion":2586}