{
  "minecraft:adventure/adventuring_time": {
    "criteria": {
      "forest": "2024-09-29 20:23:15 +0000",
      "swampland": "2024-09-29 20:25:15 +0000",
      "deep_ocean": "2024-09-29 20:25:28 +0000",
      "beaches": "2024-09-29 20:28:41 +0000",
      "extreme_hills_with_trees": "2024-09-29 20:25:56 +0000",
      "forest_hills": "2024-09-29 20:25:43 +0000",
      "plains": "2024-09-29 20:23:54 +0000",
      "birch_forest_hills": "2024-09-29 20:25:58 +0000",
      "ocean": "2024-09-29 20:25:29 +0000",
      "extreme_hills": "2024-09-29 20:24:11 +0000",
      "river": "2024-09-29 20:24:28 +0000"
    },
    "done": false
  }
}