{
  "minecraft:recipes/redstone/stone_button": {
    "criteria": {
      "has_stone": "2024-09-30 16:58:38 +0000"
    },
    "done": true
  },
  "minecraft:recipes/transportation/acacia_boat": {
    "criteria": {
      "entered_water": "2024-09-30 17:00:43 +0000"
    },
    "done": true
  },
  "minecraft:recipes/building_blocks/stonebrick": {
    "criteria": {
      "has_stone": "2024-09-30 16:58:38 +0000"
    },
    "done": true
  },
  "minecraft:recipes/transportation/dark_oak_boat": {
    "criteria": {
      "entered_water": "2024-09-30 17:00:43 +0000"
    },
    "done": true
  },
  "minecraft:recipes/building_blocks/stone_slab": {
    "criteria": {
      "has_stone": "2024-09-30 16:58:38 +0000"
    },
    "done": true
  },
  "minecraft:recipes/redstone/stone_pressure_plate": {
    "criteria": {
      "has_stone": "2024-09-30 16:58:38 +0000"
    },
    "done": true
  },
  "minecraft:recipes/transportation/birch_boat": {
    "criteria": {
      "entered_water": "2024-09-30 17:00:43 +0000"
    },
    "done": true
  },
  "minecraft:recipes/decorations/chest": {
    "criteria": {
      "has_lots_of_items": "2024-09-30 17:12:44 +0000"
    },
    "done": true
  },
  "minecraft:recipes/transportation/boat": {
    "criteria": {
      "entered_water": "2024-09-30 17:00:43 +0000"
    },
    "done": true
  },
  "minecraft:recipes/transportation/jungle_boat": {
    "criteria": {
      "entered_water": "2024-09-30 17:00:43 +0000"
    },
    "done": true
  },
  "minecraft:recipes/transportation/spruce_boat": {
    "criteria": {
      "entered_water": "2024-09-30 17:00:43 +0000"
    },
    "done": true
  },
  "minecraft:adventure/adventuring_time": {
    "criteria": {
      "ice_flats": "2024-09-29 20:45:51 +0000",
      "forest": "2024-09-29 20:23:15 +0000",
      "swampland": "2024-09-29 20:25:15 +0000",
      "deep_ocean": "2024-09-29 20:25:28 +0000",
      "beaches": "2024-09-29 20:28:41 +0000",
      "extreme_hills_with_trees": "2024-09-29 20:25:56 +0000",
      "forest_hills": "2024-09-29 20:25:43 +0000",
      "plains": "2024-09-29 20:23:54 +0000",
      "taiga": "2024-09-29 20:45:30 +0000",
      "taiga_hills": "2024-09-29 20:45:37 +0000",
      "birch_forest_hills": "2024-09-29 20:25:58 +0000",
      "ocean": "2024-09-29 20:25:29 +0000",
      "extreme_hills": "2024-09-29 20:24:11 +0000",
      "river": "2024-09-29 20:24:28 +0000"
    },
    "done": false
  }
}