{
  "minecraft:recipes/transportation/dark_oak_boat": {
    "criteria": {
      "entered_water": "2024-10-08 02:00:32 +0000"
    },
    "done": true
  },
  "minecraft:recipes/transportation/birch_boat": {
    "criteria": {
      "entered_water": "2024-10-08 02:00:32 +0000"
    },
    "done": true
  },
  "minecraft:recipes/building_blocks/polished_diorite": {
    "criteria": {
      "has_stone": "2024-10-16 01:42:23 +0000"
    },
    "done": true
  },
  "cfm:install": {
    "criteria": {
      "tick": "2024-10-08 02:00:32 +0000"
    },
    "done": true
  },
  "minecraft:recipes/building_blocks/brick_stairs": {
    "criteria": {
      "has_brick_block": "2024-10-16 01:39:18 +0000"
    },
    "done": true
  },
  "minecraft:recipes/transportation/acacia_boat": {
    "criteria": {
      "entered_water": "2024-10-08 02:00:32 +0000"
    },
    "done": true
  },
  "minecraft:recipes/redstone/stone_button": {
    "criteria": {
      "has_stone": "2024-10-16 01:44:30 +0000"
    },
    "done": true
  },
  "minecraft:recipes/building_blocks/brick_slab": {
    "criteria": {
      "has_brick_block": "2024-10-16 01:39:18 +0000"
    },
    "done": true
  },
  "minecraft:recipes/building_blocks/stonebrick": {
    "criteria": {
      "has_stone": "2024-10-16 01:44:30 +0000"
    },
    "done": true
  },
  "minecraft:recipes/building_blocks/andesite": {
    "criteria": {
      "has_stone": "2024-10-16 01:42:23 +0000"
    },
    "done": true
  },
  "minecraft:recipes/building_blocks/stone_slab": {
    "criteria": {
      "has_stone": "2024-10-16 01:44:30 +0000"
    },
    "done": true
  },
  "minecraft:recipes/redstone/stone_pressure_plate": {
    "criteria": {
      "has_stone": "2024-10-16 01:44:30 +0000"
    },
    "done": true
  },
  "minecraft:recipes/transportation/boat": {
    "criteria": {
      "entered_water": "2024-10-08 02:00:32 +0000"
    },
    "done": true
  },
  "minecraft:recipes/transportation/jungle_boat": {
    "criteria": {
      "entered_water": "2024-10-08 02:00:32 +0000"
    },
    "done": true
  },
  "cfm:root": {
    "criteria": {
      "tick": "2024-10-08 02:00:32 +0000"
    },
    "done": true
  },
  "minecraft:recipes/transportation/spruce_boat": {
    "criteria": {
      "entered_water": "2024-10-08 02:00:32 +0000"
    },
    "done": true
  },
  "minecraft:adventure/adventuring_time": {
    "criteria": {
      "forest": "2024-10-08 02:00:32 +0000",
      "deep_ocean": "2024-10-16 01:29:46 +0000",
      "beaches": "2024-10-08 02:04:59 +0000",
      "extreme_hills_with_trees": "2024-10-16 01:30:12 +0000",
      "forest_hills": "2024-10-16 01:30:51 +0000",
      "plains": "2024-10-16 01:29:59 +0000",
      "jungle_hills": "2024-10-16 01:33:02 +0000",
      "jungle_edge": "2024-10-16 01:37:00 +0000",
      "taiga": "2024-10-16 01:32:13 +0000",
      "ocean": "2024-10-16 01:29:57 +0000",
      "extreme_hills": "2024-10-16 01:30:18 +0000",
      "river": "2024-10-16 01:29:29 +0000",
      "jungle": "2024-10-16 01:32:18 +0000",
      "stone_beach": "2024-10-16 01:30:07 +0000"
    },
    "done": false
  }
}