{
  "minecraft:recipes/redstone/stone_button": {
    "criteria": {
      "has_stone": "2024-10-16 01:39:04 +0000"
    },
    "done": true
  },
  "minecraft:recipes/building_blocks/stonebrick": {
    "criteria": {
      "has_stone": "2024-10-16 01:39:04 +0000"
    },
    "done": true
  },
  "minecraft:recipes/building_blocks/stone_brick_slab": {
    "criteria": {
      "has_stonebrick": "2024-10-16 01:42:11 +0000"
    },
    "done": true
  },
  "minecraft:recipes/building_blocks/stone_slab": {
    "criteria": {
      "has_stone": "2024-10-16 01:39:04 +0000"
    },
    "done": true
  },
  "minecraft:recipes/redstone/stone_pressure_plate": {
    "criteria": {
      "has_stone": "2024-10-16 01:39:04 +0000"
    },
    "done": true
  },
  "minecraft:recipes/building_blocks/chiseled_stonebrick": {
    "criteria": {
      "has_stonebrick": "2024-10-16 01:42:11 +0000"
    },
    "done": true
  },
  "cfm:root": {
    "criteria": {
      "tick": "2024-10-16 01:37:03 +0000"
    },
    "done": true
  },
  "minecraft:recipes/building_blocks/stone_brick_stairs": {
    "criteria": {
      "has_stonebrick": "2024-10-16 01:42:11 +0000"
    },
    "done": true
  },
  "cfm:install": {
    "criteria": {
      "tick": "2024-10-16 01:37:03 +0000"
    },
    "done": true
  },
  "minecraft:adventure/adventuring_time": {
    "criteria": {
      "forest": "2024-10-16 01:37:58 +0000",
      "beaches": "2024-10-16 01:37:03 +0000",
      "forest_hills": "2024-10-16 01:37:48 +0000",
      "plains": "2024-10-16 01:37:40 +0000",
      "jungle_hills": "2024-10-16 01:37:32 +0000",
      "jungle_edge": "2024-10-16 01:37:39 +0000",
      "ocean": "2024-10-16 01:37:21 +0000",
      "river": "2024-10-16 01:37:57 +0000",
      "jungle": "2024-10-16 01:37:25 +0000"
    },
    "done": false
  }
}